,sim_time,traversal_time,windowed_avg
0,53.65254181796944,17.652541817969443,
1,55.54475223894778,44.54475223894778,
2,58.371764705882356,38.371764705882356,
3,61.120000000000005,30.120000000000005,
4,73.096,24.096000000000004,
5,78.32685714285715,10.32685714285715,
6,82.048,12.048000000000002,
7,82.06,15.060000000000002,
8,83.048,12.048000000000002,
9,137.1921699870936,102.19216998709359,30.646008589275038
10,137.67529227321913,55.67529227321913,32.92139801508814
11,138.37866102728637,72.37866102728637,36.20950326610466
12,138.59,22.590000000000003,35.161849168711996
13,138.68118920392627,107.68118920392627,40.34180202837016
14,139.2519854193182,48.2519854193182,40.8691475877667
15,140.21505177568832,106.21505177568832,44.95326659951179
16,143.33030365778723,115.33030365778723,49.093092308822115
17,145.05999999999997,15.059999999999974,47.20236495833199
18,145.71043504158,27.710435041580013,46.17647391008189
19,157.048,12.048000000000002,44.470050214577796
20,195.83501038329655,129.83501038329655,48.53504831785011
21,221.26048978437106,59.26048978437106,49.02256838451015
22,221.35165259041426,57.35165259041426,49.38470248041903
23,221.7397912731625,71.7397912731625,50.31616451345
24,222.6259403253102,149.6259403253102,54.28855554592441
25,223.0728995768311,149.0728995768311,57.93410723942082
26,223.3175117682002,171.3175117682002,62.13349259233857
27,223.32396263665137,122.32396263665137,64.28315223677832
28,223.756553801128,222.756553801128,69.74775229072141
29,224.26694862700762,160.26694862700762,72.76505883526427
30,224.281589659501,99.28158965950101,73.62043079733643
31,224.5874331929034,77.5874331929034,73.7443996221979
32,224.67877253204404,132.67877253204404,75.53028971037506
33,225.04073663227607,67.04073663227607,75.28059697278391
34,225.43624720753277,129.43624720753277,76.82790126520531
35,225.5901841891042,193.5901841891042,80.0712980130914
36,225.7408003970932,97.74080039709321,80.54885213157792
37,225.80557059969328,172.80557059969328,82.97666051231779
38,225.92621644895436,132.92621644895436,84.25741835684693
39,226.32001530315907,120.32001530315907,85.15898328050473
40,226.51190406328564,110.51190406328564,85.77734720203597
41,226.649200567289,108.649200567289,86.32191513930391
42,226.70234820014693,187.70234820014693,88.67959962909094
43,227.09899369886483,175.09899369886483,90.64367676704036
44,227.390384553486,63.390384553486,90.0380480511836
45,227.68313568346713,145.68313568346713,91.24772386927671
46,227.78314484701795,145.78314484701795,92.4080519751861
47,227.96799582277146,23.967995822771456,90.9822174720108
48,228.63058823529414,10.630588235294141,89.34238830391455
49,228.68828318381475,134.68828318381475,90.24930620151255
50,229.0737366960581,130.0737366960581,91.03017738768013
51,232.6543733326695,113.65437333266951,91.46525807892992
52,232.65443930698274,117.65443930698274,91.95939357379883
53,232.94965728137205,41.949657281372055,91.03328734616132
54,233.63820215317702,32.63820215317702,89.9715585244707
55,233.67949281015402,29.679492810154017,88.8949144938579
56,269.89587228068746,93.89587228068746,88.98265059538123
57,280.3970548986105,39.39705489861052,88.1277265316438
58,305.1433855078326,155.1433855078326,89.26358515835886
59,305.9527021498087,130.95270214980872,89.95840377488302
60,306.36534754645106,28.365347546451062,88.94868154163004
61,306.3991187399686,53.39911873996863,88.37530149644195
62,306.54913346718126,124.54913346718126,88.94948930550132
63,306.85232789877665,60.85232789877665,88.51047115852124
64,307.1115044324064,92.11150443240638,88.56587167042716
65,307.5116896034772,32.51168960347718,87.71656588153398
66,307.6431209217183,93.64312092171832,87.80502192690986
67,308.03177924462847,77.03177924462847,87.64659188746454
68,308.2444269196457,30.24442691964572,86.81467645314834
69,309.27646501237695,119.27646501237695,87.27841628970874
70,309.62999999999994,57.62999999999994,86.86083296168468
71,309.63343402623536,147.63343402623536,87.70489686535899
72,309.70290059300845,100.70290059300845,87.88295171094323
73,310.4528768821264,65.45287688212642,87.5798425916349
74,310.89037235145554,196.89037235145554,89.03731632176584
75,311.19791258071746,109.19791258071746,89.30258732517309
76,312.48892591385805,40.488925913858054,88.66864367048069
77,312.9252299397528,159.9252299397528,89.58218964829189
78,316.15196631109313,139.15196631109313,90.20965517566911
79,317.04037932668473,88.04037932668473,90.18253922755682
80,318.5108936736511,172.51089367365108,91.19893866516291
81,322.96352869677645,33.96352869677645,90.5009458606704
82,325.55981740868543,172.55981740868543,91.48960696365853
83,327.63058823529406,10.630588235294056,90.52699959784468
84,327.95272727272726,10.952727272727259,89.59083168813741
85,328.15589648282764,93.15589648282764,89.63228592993613
86,343.43,2.430000000000007,88.62996080430469
87,346.2525,4.252499999999998,87.67112602243759
88,363.9411358888717,66.94113588887171,87.43820478498179
89,367.84670372105523,91.84670372105523,87.48718810649372
90,368.4167340302232,21.41673403022321,86.76113916060064
91,389.1302393936567,53.13023939365672,86.39558590226429
92,389.7208283360701,62.7208283360701,86.14101861660627
93,390.0793200211597,30.079320021159674,85.54461756771853
94,390.2492545517774,119.24925455177743,85.89940322018231
95,390.330606155274,49.33060615527398,85.51847825075619
96,390.42535836774897,103.42535836774897,85.70308526227159
97,390.59114407144045,53.59114407144045,85.3754123929774
98,391.0074841411491,29.00748414114912,84.80603938033266
99,391.01544579158514,91.01544579158514,84.86813344444519
100,391.22074558505295,29.220745585052953,84.31716920821358
101,392.1303487724561,115.1303487724561,84.61925920394145
102,392.21582402396604,79.21582402396604,84.56679866821354
103,392.4183605922089,180.4183605922089,85.4884483020981
104,392.49571929166785,136.49571929166785,85.9742318353321
105,392.5315508390605,33.531550839060515,85.47948956178237
106,392.72836689494596,67.72836689494596,85.31359121910167
107,393.119565136281,66.11956513628098,85.13586875537185
108,393.9125387152228,55.91253871522281,84.86776481004938
109,396.03999999999996,10.039999999999964,84.18751240268529
110,396.19772419610723,54.19772419610723,83.91733413055395
111,396.53939393881444,54.53939393881444,83.6550310931277
112,397.9085714285714,12.908571428571406,83.0289562288396
113,399.8816651276581,179.8816651276581,83.87854139461871
114,401.1021780557322,75.10217805573222,83.80222519167187
115,401.98085609272744,73.98085609272744,83.71755821668097
116,402.2515757147328,60.25157571473278,83.51699426367286
117,403.48819533579217,62.48819533579217,83.33878410326709
118,414.03999999999996,10.039999999999964,82.72282793433207
119,418.944,1.9440000000000168,82.04967103487931
120,419.2611764705883,21.261176470588282,81.54728678228187
121,420.21726933865364,101.21726933865364,81.70851614749802
122,466.0007990838334,98.00079908383339,81.84097373234627
123,467.8122483969926,71.81224839699257,81.76009691512569
124,469.36960856970614,50.369608569706145,81.50897300836233
125,472.83895308407915,72.83895308407915,81.44016332642357
126,474.1680640582058,41.1680640582058,81.12306018257934
127,474.2050085299848,97.20500852998481,81.24870040404345
128,474.54417498590556,57.544174985905556,81.06494439305013
129,474.5756286672184,126.57562866721838,81.4150265797745
130,475.3945664170007,64.3945664170007,81.28509940295943
131,475.85845006403565,113.85845006403565,81.53186721099789
132,476.1235489910825,47.12354899108249,81.27315805144966
133,476.44851167967727,128.44851167967727,81.62521292927225
134,476.4763036500398,166.47630365003982,82.25373952720385
135,476.65862899370984,73.65862899370984,82.1905401850458
136,476.8030769230769,27.8030769230769,81.79355140211173
137,477.56599739203506,161.56599739203506,82.37161260493727
138,480.63058823529406,10.630588235294056,81.85549012745781
139,486.8300410925607,125.83004109256069,82.16959406292283
140,486.8416237959569,46.84162379595688,81.91904108230605
141,490.0977023058653,96.09770230586531,82.01889080923253
142,490.8321134157883,87.83211341578829,82.05954271557208
143,492.7405803565959,95.7405803565959,82.15454992141252
144,494.2611764705883,21.261176470588282,81.73459562175168
145,494.57748021584,139.57748021584,82.13077976280708
146,495.10732039680005,71.10732039680005,82.05579024331043
147,502.0183861033064,144.0183861033064,82.47445643155365
148,502.073158482831,80.07315848283099,82.45834033793805
149,503.8581818181818,32.85818181818178,82.12767261447301
150,508.67,5.670000000000016,81.62133041172815
151,557.59,22.590000000000032,81.23296639586152
152,558.5487376469774,179.54873764697743,81.8755531360649
153,558.7646393949583,65.7646393949583,81.7709368130707
154,559.0811244563523,153.0811244563523,82.23100253980155
155,559.1552954279523,49.1552954279523,82.01897877626405
156,559.5013867776821,68.50138677768211,81.93287946417117
157,559.8518753285624,22.851875328562414,81.5589490582496
158,559.8973394796276,177.8973394796276,82.16485088479914
159,560.3084198893633,36.308419889363336,81.87824819107766
160,560.4083404610044,126.4083404610044,82.15483261511447
161,560.6487366695455,125.64873666954554,82.42331350433936
162,560.8606165027762,114.86061650277622,82.62231536322547
163,561.1405046923151,133.14050469231506,82.93035310303699
164,561.2265150322643,118.22651503226427,83.1442692359414
165,561.3882314922486,64.38823149224856,83.03128105676252
166,562.7471771432719,283.74717714327187,84.23317265009491
167,580.263865859151,111.263865859151,84.39406963348216
168,583.5679999999999,35.56799999999987,84.10515797884617
169,584.268,2.268000000000029,83.62376293191177
170,585.9116107665357,91.91161076653566,83.67222987831309
171,587.4419433958977,41.44194339589774,83.42670495690369
172,614.0618181818181,2.0618181818181256,82.95638769230783
173,640.5239336773208,163.52393367732077,83.41941956578492
174,640.5583004352372,168.55830043523724,83.9059274564675
175,640.7354846888863,165.73548468888634,84.3708681225608
176,641.1260252167039,115.12602521670385,84.54462607224521
177,641.1760922845432,203.1760922845432,85.21109498355025
178,641.5023875614472,95.50238756144722,85.26858823817538
179,642.2028282240874,154.2028282240874,85.65155623809711
180,642.362918414955,172.36291841495495,86.13062453741678
181,642.4503577206355,75.45035772063545,86.0719417527092
182,642.7389122485708,85.73891224857084,86.07012191935324
183,644.0461320902737,137.04613209027366,86.34716545289086
184,644.0601012924192,140.06010129241918,86.63750564661804
185,644.6025851438092,123.60258514380916,86.83624263316209
186,644.9164144790807,166.9164144790807,87.26447884624187
187,645.1986079619103,158.19860796191028,87.64178804366564
188,645.8078158031246,43.80781580312464,87.40986226461516
189,645.8458427256093,148.84584272560926,87.73320953019933
190,646.1455095063161,143.1455095063161,88.02332628400099
191,646.5766505239895,270.57665052398954,88.97412484775093
192,646.7287489521483,156.7287489521483,89.32518507627111
193,647.0429093985255,42.04290939852547,89.08146200576728
194,647.1725479375225,233.1725479375225,89.82039065157115
195,649.5093686849742,173.50936868497422,90.24737523337424
196,658.0236428559137,101.02364285591375,90.30207709947851
197,659.3268571428572,10.326857142857193,89.89816184717233
198,662.7730423962411,126.77304239624107,90.08346275445409
199,662.8030769230769,27.8030769230769,89.77206082529719
200,662.8228896845204,70.82288968452042,89.67778634200975
201,664.5014285714285,36.501428571428505,89.41453704611578
202,664.5150955584443,112.51509555844427,89.52833290085631
203,666.6504512891207,137.65045128912072,89.76422563805369
204,670.0405387610836,111.04053876108355,89.86801253133677
205,670.3866666666667,13.386666666666656,89.4967438620908
206,670.818450837432,51.81845083743201,89.31472312284123
207,672.6094076531007,33.609407653100675,89.04690910615979
208,672.7339972386278,39.73399723862781,88.81096215942519
209,674.1177346961815,39.117734696181515,88.57432774293356
210,674.3500836878258,27.35008368782576,88.28416544883352
211,681.0512500000001,14.051250000000095,87.93401018728242
212,696.1585689373777,69.15856893737771,87.84586257578053
213,696.89,1.8899999999999864,87.4441996665479
214,703.6553196923354,116.65531969233541,87.58006534108645
215,725.4761844557136,51.476184455713565,87.4129177443949
216,726.0325713186322,133.03257131863222,87.62314656270937
217,726.4433059016923,126.44330590169227,87.80122068811754
218,726.5681897569807,123.5681897569807,87.96454018158268
219,726.8575727828794,87.8575727828794,87.96405396613402
220,727.1031339375927,109.1031339375927,88.05970591170623
221,727.3131203899468,163.3131203899468,88.39868525620281
222,727.3268571428572,10.326857142857193,88.04858737228645
223,727.4819314523331,98.48193145233313,88.09516480121523
224,727.7587244902014,111.75872449020142,88.20033617761074
225,727.7942734953629,137.79427349536286,88.41977837813175
226,727.7954380890441,68.79543808904407,88.33332753985384
227,728.666738982365,140.66673898236502,88.56286004618063
228,728.81221698332,124.81221698332001,88.7211541812773
229,729.33361923278,106.33361923278005,88.79773011628384
230,729.4081316439476,142.40813164394763,89.02980977657676
231,729.5105780649595,70.51057806495953,88.94998550195773
232,729.586412113277,32.58641211327699,88.70808175350845
233,729.7130271112034,125.71302711120336,88.86622254563535
234,729.8987920394225,108.89879203942246,88.95146752220465
235,729.9158775060931,70.91587750609312,88.87504553061096
236,729.9160993300968,96.91609933009681,88.9089740276552
237,730.1701195073985,62.170119507398454,88.79662589941883
238,730.392338761485,125.39233876148501,88.94974603691702
239,731.1944021955425,28.194402195542466,88.6965987709113
240,733.2317313944752,138.23173139447522,88.90213874030368
241,734.7130920692454,38.71309206924536,88.6947459854646
242,737.1439999999999,36.14399999999989,88.47848777153266
243,737.8400461716013,99.84004617160133,88.52505153546736
244,739.0702822514903,114.07028225149031,88.62931778328786
245,739.3952811837684,110.39528118376836,88.71779730930608
246,745.8171428571428,25.817142857142812,88.46313878925683
247,749.9527272727273,10.952727272727316,88.15059680733535
248,765.3462068965517,2.3462068965517346,87.80600086391856
249,808.976211534263,156.97621153426303,88.08268170659993
250,809.4131171182657,55.413117118265745,87.95252407875797
251,810.3396908224647,138.33969082246472,88.15247315313776
252,810.572121700228,49.57212170022797,87.99998164541874
253,810.9029905437885,152.90299054378852,88.25550530249895
254,811.0293199231672,140.02931992316724,88.45853986963883
255,811.1254336711569,70.12543367115688,88.386926173551
256,811.5778522674067,189.57785226740668,88.78066518558936
257,812.3068622229845,80.30686222298448,88.74782098805989
258,812.3164283023157,114.31642830231567,88.84654147962071
259,812.3971428571427,49.39714285714274,88.6948130233804
260,812.9047584802536,66.90475848025358,88.61132622436459
261,813.035857642313,60.035857642312976,88.5022595503873
262,813.2168430511583,142.21684305115832,88.70649751046628
263,813.5961887088592,53.596188708859245,88.5735039165208
264,813.9269425686413,161.92694256864127,88.85030934539672
265,814.5808198469625,172.58081984696253,89.16508570066577
266,816.2800254717704,42.28002547177039,88.98948622415305
267,816.5007619632003,264.50076196320026,89.64437904407487
268,817.5326318373732,235.53263183737317,90.18671455631763
269,819.3971428571427,49.39714285714274,90.0356420685429
270,819.6249431143585,205.62494311435853,90.46217085468982
271,822.4453587055174,111.44535870551738,90.5393149276708
272,822.59,22.590000000000032,90.29041633819216
273,823.5179347847394,88.5179347847394,90.28394742741314
274,826.2828418901533,114.28284189015335,90.37121613455037
275,835.8030769230769,27.8030769230769,90.14451997798706
276,864.8720275164851,69.8720275164851,90.07133408462423
277,867.1948387096775,2.1948387096774695,89.7552315832755
278,891.5177142857143,39.517714285714305,89.57516879726273
279,892.0151594813672,61.015159481367164,89.47316876399168
280,892.2728305765113,105.2728305765113,89.52939531848465
281,892.9903756868669,63.990375686866855,89.43883141908174
282,893.1522549373113,39.15225493731134,89.26114033610729
283,893.7881529340102,80.78815293401021,89.23130587342384
284,894.4787676855781,113.47876768557808,89.31638468679982
285,894.5646585136063,83.56465851360633,89.29627375612431
286,894.6465962630411,90.64659626304115,89.30097871259441
287,894.8305229048347,140.83052290483465,89.47990074103969
288,895.125213579585,51.125213579584965,89.34718556055023
289,896.3116451836419,130.31164518364187,89.48844231787123
290,897.2085200563386,82.20852005633856,89.46342540288315
291,897.3230104082398,182.32301040823984,89.78143768029875
292,897.3559338024695,78.35593380246951,89.74244278651776
293,897.3809196034431,84.38091960344309,89.72420631310594
294,897.3892031497247,202.38920314972472,90.1061215566199
295,898.3575217086665,159.35752170866647,90.340078989566
296,898.7015422718518,165.70154227185185,90.59382129017975
297,899.4201494757912,191.42014947579116,90.93216467335294
298,899.7170663917342,97.71706639173419,90.95485665234418
299,909.6591706803919,68.65917068039187,90.88053769910434
300,910.4634482758621,12.463448275862106,90.62001580733278
301,917.2792511654571,90.27925116545714,90.61888744759148
302,918.1199999999999,30.11999999999989,90.41922115238489
303,918.196923076923,53.196923076922985,90.29677938239983
304,920.0799999999999,20.079999999999927,90.06656043360508
305,922.2729106113787,67.27291061137873,89.99207138189846
306,954.2525,4.252500000000055,89.71278939042648
307,965.7887426106182,79.78874261061821,89.6805684593232
308,977.8211851759745,50.821185175974506,89.5548099373706
309,978.5388149581881,57.53881495818814,89.45153253421196
310,978.790900572463,177.790900572463,89.73558194912594
311,979.0197562664578,211.01975626645776,90.12431327706611
312,979.0586431491002,138.05864314910025,90.27745810093842
313,979.1780195719673,156.1780195719673,90.48733250052769
314,980.2887133588657,198.28871335886572,90.82955910642717
315,980.5436794471148,198.54367944711476,91.17042657585972
316,982.814716199386,119.814716199386,91.2607871109497
317,983.4576,14.457599999999957,91.01926765462598
318,989.0609496465992,127.06094964659917,91.13225098375442
319,991.9887846784892,64.9887846784892,91.05055265155046
320,992.016839976759,80.016839976759,91.01617971486887
321,993.2293427928643,100.22934279286426,91.04479202256451
322,993.264631775372,152.26463177537198,91.23432713015833
323,993.562517047991,39.56251704799104,91.07484623484301
324,995.541033565697,99.54103356569703,91.10089604201485
325,997.5189995295465,84.51899952954648,91.0807061754122
326,997.5875203880034,78.58752038800344,91.04250071428862
327,1002.0449039059373,89.0449039059373,91.03641048011683
328,1004.9085714285715,12.908571428571463,90.79893984470179
329,1005.6593548387098,11.65935483870976,90.55912292044121
330,1006.9085714285715,12.908571428571463,90.32452910928752
331,1020.8502262117617,50.85022621176165,90.20563060658414
332,1059.7670186679663,58.76701866796634,90.11122036052222
333,1060.0808485605155,34.080848560515506,89.94346475633058
334,1061.9429452286224,151.94294522862242,90.12853783236729
335,1062.1441160140694,152.14411601406937,90.31310800552711
336,1062.2673573590737,95.26735735907369,90.32780904218451
337,1063.1764262002348,64.1764262002348,90.25043808703082
338,1064.7799251629099,138.77992516290988,90.39359291616321
339,1064.8045153158014,67.80451531580138,90.32715445263274
340,1065.6957042352067,147.69570423520668,90.49539066900392
341,1066.8474635550608,143.8474635550608,90.65139088212105
342,1072.463448275862,12.463448275861992,90.42343769668005
343,1074.9186210786725,83.91862107867246,90.40452834604632
344,1075.4407490060353,124.44074900603528,90.50318405810425
345,1077.0600000000002,15.060000000000173,90.28514017354327
346,1077.222088398803,111.22208839880295,90.34547720012903
347,1082.7370541636672,134.73705416366715,90.47303920289781
348,1083.5387879751408,100.53878797514085,90.5018808899243
349,1084.0907190064427,94.09071900644267,90.51213471311435
350,1087.9085714285713,12.90857142857135,90.2910419402239
351,1088.3866666666668,13.38666666666677,90.07256360137858
352,1091.2614088071252,83.26140880712524,90.0532685453042
353,1096.7999999999997,55.79999999999973,89.95650789969599
354,1108.469154284245,51.46915428424495,89.84809281908909
355,1109.1292748202825,47.12927482028249,89.72809613931716
356,1109.3755931531457,113.3755931531457,89.79433562675085
357,1120.0023529411765,4.0023529411764684,89.55469321701462
358,1143.9914536465942,57.99145364659421,89.46677332963183
359,1144.11665271372,133.11665271372,89.58802299458763
360,1145.0025053214479,147.00250532144787,89.74706588191965
361,1145.5338779477236,131.53387794772357,89.86249906442188
362,1145.7302263141294,128.73022631412937,89.96957269320895
363,1146.1044386200208,152.1044386200208,90.14027287432657
364,1146.1535739371109,129.15357393711088,90.24715863066297
365,1146.8860509322321,100.88605093223214,90.27622664241589
366,1147.0149987840214,155.01499878402137,90.45262656650745
367,1148.155265017966,71.15526501796603,90.40018808403859
368,1148.4916759324808,137.4916759324808,90.52780729229995
369,1148.821446347164,141.82144634716406,90.666438749205
370,1149.0316387860548,83.03163878605483,90.64585977356307
371,1149.1022420189515,179.10224201895153,90.88364574734102
372,1149.5525107437315,66.55251074373155,90.81841482239835
373,1149.635667874041,236.63566787404102,91.20830052574499
374,1149.7975062737069,235.79750627370686,91.5938717410729
375,1150.1624690194806,193.16246901948057,91.86400098915377
376,1151.4096096081773,178.40960960817733,92.09356493774534
377,1152.3482744911928,158.3482744911928,92.268841947146
378,1157.69644541353,85.69644541353,92.25150053149002
379,1161.0231578947369,19.02315789473687,92.05879436665646
380,1162.6409464508972,143.64094645089722,92.19418059259935
381,1165.2515077500466,65.25150775004658,92.12365003541989
382,1165.427941784192,97.42794178419194,92.13749936113469
383,1167.7867970864881,53.78679708648815,92.0376277406278
384,1168.2032946668965,43.203294666896454,91.91078531705968
385,1185.0460413126416,88.04604131264159,91.9007730268928
386,1196.1948387096775,2.1948387096774695,91.66897474700335
387,1220.2525,4.252500000000055,91.44367455435643
388,1229.0048870043909,53.004887004390866,91.34486019047478
389,1229.3666353810963,173.36663538109633,91.5551724345533
390,1229.3753528932123,59.375352893212266,91.47287110580307
391,1229.6610880851274,124.6610880851274,91.55753492462789
392,1230.2611764705882,21.261176470588225,91.37866378352345
393,1230.497895324341,143.49789532434102,91.51094609707883
394,1230.5919033451676,146.59190334516757,91.65039155846638
395,1230.6003508236242,155.60035082362424,91.81188135459053
396,1230.750343902441,132.75034390244105,91.91500090760779
397,1230.925701923325,167.92570192332505,92.1059825684513
398,1231.0312346917306,40.03123469173056,91.97546941587805
399,1231.743232950442,110.743232950442,92.02238882471447
400,1232.445017505997,174.44501750599693,92.22793153963039
401,1232.4902909121345,106.49029091213447,92.26341004553215
402,1232.8139474580476,175.81394745804755,92.47073147831755
403,1233.0351996559366,96.0351996559366,92.47955441935126
404,1233.2093137352083,106.2093137352083,92.51345505963732
405,1234.04,10.039999999999964,92.31031847082048
406,1234.08906178257,23.08906178257007,92.14024167306066
407,1234.647374559209,43.647374559209084,92.02138660660513
408,1234.9008732614166,130.90087326141656,92.1164464761768
409,1235.0541833113919,120.05418331139185,92.1845872977261
410,1235.1491104986374,205.14911049863736,92.45944015222953
411,1235.5442128218165,153.54421282181647,92.60770416356348
412,1237.353160320079,35.35316032007904,92.46907330679961
413,1238.1102357001826,150.11023570018256,92.60830316765319
414,1247.8030769230768,27.803076923076787,92.4521459959795
415,1258.0876352973464,77.08763529734642,92.41521207603088
416,1265.6372162941498,80.63721629414977,92.38696748182971
417,1267.134590737003,67.13459073700301,92.32655509727272
418,1267.4034747880348,85.40347478803483,92.31003223257288
419,1267.6065463532095,95.60654635320952,92.31788107571724
420,1289.268,2.268000000000029,92.10398587126187
421,1312.7817320822799,135.78173208227986,92.20748763953442
422,1312.9817825613477,46.9817825613477,92.1005710790659
423,1313.1251510442457,65.12515104424574,92.03694980539886
424,1313.6396766360751,63.63967663607514,91.97013269205928
425,1313.9499732547254,33.949973254725364,91.83393513469466
426,1314.3581190597724,97.35811905977243,91.84687233358241
427,1314.8961556535016,76.89615565350164,91.81194075255418
428,1315.048,12.048000000000002,91.62601082073006
429,1315.221422894599,34.22142289459907,91.49251177904137
430,1315.370060741196,145.37006074119608,91.61751769310669
431,1315.7409524610182,76.7409524610182,91.5830811995139
432,1315.832860224365,73.83286022436505,91.54208761758515
433,1316.1979886192507,75.19798861925074,91.50442840330327
434,1316.4964401672578,157.4964401672578,91.65613417747328
435,1316.8733738569097,153.87337385690967,91.79883426848114
436,1317.0824083284463,153.08240832844626,91.93907128006
437,1317.5668885661414,77.56688856614142,91.90625807751682
438,1317.6593548387095,11.659354838709532,91.72346330931909
439,1317.9338028777822,221.93380287778223,92.01939589924741
440,1317.9847768525497,103.98477685254966,92.04652828236148
441,1318.134566061984,95.13456606198406,92.05351479317511
442,1321.3294792521942,251.32947925219423,92.41305421633317
443,1322.7374538215063,227.73745382150628,92.7178389001286
444,1323.904053240172,96.90405324017206,92.72724612336465
445,1328.5900000000001,22.590000000000146,92.56998772398491
446,1329.2517782971156,118.2517782971156,92.62744139417089
447,1330.9015384615386,13.901538461538621,92.4517139322677
448,1331.08,20.079999999999927,92.29052971415574
449,1332.825265480054,123.82526548005399,92.36060690474663
450,1337.3957658577158,155.3957658577158,92.5003744412277
451,1342.3726844859148,170.37268448591476,92.67265831300797
452,1368.465701553393,87.46570155339305,92.66116392722518
453,1386.536,4.536000000000058,92.46705563663657
454,1393.510215660747,111.51021566074701,92.50890873559065
455,1395.987306677533,140.98730667753307,92.61522101177913
456,1396.4022752240562,50.40227522405621,92.5228513273421
457,1397.137710968006,151.1377109680061,92.65083137022563
458,1397.1815822066646,120.18158220666464,92.71081121954249
459,1397.5582430806635,134.5582430806635,92.80178389750145
460,1397.726094762718,135.72609476271805,92.8948952008967
461,1398.2338644530494,110.23386445304936,92.93242543737321
462,1398.4168169292172,119.41681692921725,92.98962714685884
463,1399.0496399326698,142.04963993266983,93.09535993303517
464,1399.5011424926433,77.50114249264334,93.06182398155045
465,1400.7122514037053,207.7122514037053,93.30785494168383
466,1401.295922147989,83.2959221479889,93.2864161134318
467,1401.406979309992,180.40697930999204,93.4725711629971
468,1402.267520844964,83.26752084496411,93.4508119938755
469,1402.7758274276955,197.7758274276955,93.67278011181979
470,1406.3268571428573,10.326857142857307,93.4958248613549
471,1410.6166362411,87.61663624109997,93.48336895326115
472,1410.7164131776606,66.71641317766057,93.42677919475035
473,1413.048,12.048000000000002,93.25509400657579
474,1414.5966693221885,98.59666932218852,93.26633942829285
475,1419.2379558853606,25.237955885360634,93.12342265614383
476,1419.4608152030771,155.46081520307712,93.25410901368457
477,1425.6624825883691,104.66248258836913,93.27797590400819
478,1426.048,12.048000000000002,93.10839349084742
479,1426.881932471074,147.88193247107392,93.22250503038956
480,1447.7834296490794,66.78342964907938,93.16753813770491
481,1469.5819237221754,45.58192372217536,93.06881279659385
482,1480.7144250210276,101.71442502102764,93.0867126148639
483,1480.944,1.94399999999996,92.89840122516377
484,1481.4107039019439,108.41070390194386,92.93038535439425
485,1481.9387268224207,100.93872682242068,92.9468634232585
486,1482.0627231425615,101.06272314256148,92.96352843294906
487,1482.4461258601639,204.44612586016387,93.19197637849663
488,1482.5217029315465,176.52170293154654,93.36238481725543
489,1482.7196758693203,102.71967586932033,93.38148132960657
490,1482.8646718537966,48.86467185379661,93.29081572985952
491,1483.4887696764038,40.48876967640376,93.18349449804356
492,1484.571894537351,229.571894537351,93.4601443967034
493,1484.57242837904,72.57242837904005,93.41786157075671
494,1485.0031914866715,74.00319148667154,93.3786400150313
495,1485.1609527803146,34.160952780314574,93.2592495165742
496,1492.731105207141,90.7311052071409,93.25416270709847
497,1497.5552929461858,65.55529294618577,93.19854248669503
498,1498.51207720559,56.51207720559,93.12502251619182
499,1500.1474104289312,58.14741042893115,93.0550672920173
500,1505.2171572449795,60.21715724497949,93.14019652287132
501,1506.1833004020946,133.18330040209457,93.31747361919761
502,1508.283220878343,109.28322087834295,93.45929653154253
503,1547.1694953276758,52.169495327675804,93.50339552219788
504,1562.6265643096651,78.62656430966513,93.61245665081721
505,1563.4681751978349,48.46817519783485,93.68873928692717
506,1564.6184314201357,43.61843142013572,93.75188014976744
507,1564.6740465603407,43.674046560340685,93.80910824288813
508,1565.6404149760951,56.640414976095144,93.89829307284032
509,1565.9065208155994,181.90652081559938,94.05772177449734
510,1566.0977593360074,26.097759336007357,93.9985667086229
511,1566.3282427295894,55.32824272958942,93.96446587202752
512,1566.6940560679043,90.69405606790428,94.10067398416334
513,1567.6487366376698,26.6487366376698,93.93860907903083
514,1568.735843860413,58.73584386041307,93.95957679591302
515,1568.828081025518,44.82808102551803,93.83680285441267
516,1568.9818064895771,131.98180648957714,93.87010586007627
517,1569.2267292047954,204.22672920479545,94.24843931848586
518,1569.4055162070204,121.40551620702036,94.43582948081674
519,1579.8127967600003,111.81279676000031,94.63535907433673
520,1585.5173924839476,158.51739248394756,94.69272383853803
521,1592.3268571428573,10.326857142857307,94.594856573255
522,1592.5883778635582,113.58837786355821,94.7073300238013
523,1592.6799999999998,40.679999999999836,94.64521044125499
524,1592.9988114940363,135.99881149403632,94.61795618359243
525,1593.0720000000001,18.072000000000116,94.35595438443876
526,1593.2690505140708,66.26905051407084,94.14585746193052
527,1593.9080226199744,96.90802261997442,94.09502558189716
528,1594.318087813224,129.3180878132241,93.90814864992136
529,1594.8079115429675,85.80791154296753,93.75923057575328
530,1647.85806480809,135.85806480808992,93.83238352605045
531,1648.041549120883,62.04154912088302,93.80129175790643
532,1648.322820870223,131.32282087022304,93.79857985458277
533,1648.7347392289716,116.73473922897165,93.89796785977617
534,1648.889231364397,137.8892313643969,93.9148738280899
535,1648.9127656212154,83.91276562121539,93.69551899095413
536,1649.3138052645284,149.31380526452836,93.798665000689
537,1649.752496175478,126.75249617547797,93.70655885184055
538,1651.6093321569015,172.60933215690147,93.78592508325644
539,1652.2323655936916,187.2323655936916,93.91974978383752
540,1652.3673050796249,104.36730507962488,93.9074605858702
541,1653.4022341336915,174.40223413369154,94.03896665300299
542,1653.7288088742755,278.7288088742755,94.22101957435126
543,1654.2196296178759,279.21962961787585,94.42926084618928
544,1654.9940401080817,202.99404010808166,94.70846815729847
545,1655.3966670398097,109.3966670398097,94.63589522001115
546,1656.8127301536451,107.81273015364513,94.55995439062441
547,1657.5791572942837,107.57915729428373,94.72717671356743
548,1662.916984070363,98.91698407036301,94.90374950523756
549,1672.08,20.079999999999927,94.67453293886993
550,1693.7322409006724,50.73224090067242,94.51584994727916
551,1722.944,1.94399999999996,94.29242920061382
552,1731.3262792840146,133.32627928401462,94.32377288056789
553,1731.7493890190635,115.74938901906353,94.47137234404326
554,1732.2683076026403,136.26830760264033,94.67863255494218
555,1732.5042323815296,120.50423238152962,94.86028203408495
556,1732.6129201450165,83.61292014501646,94.83971612981361
557,1733.1825459668617,67.18254596686165,94.89528711195011
558,1733.639108731687,87.63910873168697,94.76027855839781
559,1734.7712778555538,132.77127785555376,94.7639157098093
560,1734.998849737497,33.99884973749704,94.77518271419139
561,1740.0297748817518,116.02977488175179,94.90044402647496
562,1740.1504314743863,87.15043147438632,94.82564662248937
563,1741.463448275862,12.463448275861992,94.72886886324353
564,1741.6593548387095,11.659354838709532,94.56796456405615
565,1742.7191446729662,181.7191446729662,94.86637947419513
566,1746.2525,4.252500000000055,94.68759823235169
567,1754.817142857143,25.817142857142926,94.58516895957672
568,1758.5900000000001,22.590000000000146,94.56986010573743
569,1762.0735224473738,74.07352244737376,94.47945422060742
570,1786.8527624723397,85.85276247233969,94.53589974555211
571,1810.78,3.7799999999999727,94.24819287749965
572,1811.7994284181448,14.799428418144771,94.07638593314992
573,1812.554611544853,47.55461154485306,94.04058940247538
574,1817.016577652753,69.01657765275309,93.78484181307797
575,1817.153161794379,40.153161794379,93.6467523115053
576,1817.6447271582113,86.64472715821125,93.739063913994
577,1817.7247736664108,162.72477366641078,93.74466300144732
578,1818.0011530174068,94.00115301740675,93.65436137485995
579,1818.3288609408635,188.32886094086348,93.8549383380883
580,1818.6555576137087,95.65555761370865,93.70122766596843
581,1819.3761713392262,85.37617133922618,93.80405295125333
582,1819.6125805871363,178.61258058713634,93.81615847761023
583,1820.0626419520288,174.0626419520288,94.14302258504368
584,1822.0243232152802,178.02432321528022,94.47716577692879
585,1824.295,11.295000000000073,94.31344398396313
586,1828.6394381832342,91.63943818323423,94.49186286032959
587,1828.67,5.670000000000073,94.49469786032958
588,1831.002641462092,142.00264146209201,94.64482087147604
589,1866.2785724619498,86.2785724619498,94.63368460895784
590,1866.505131691029,82.50513169102896,94.75586140427946
591,1895.944,1.94399999999996,94.65348892549214
592,1899.2099903619824,32.20999036198236,94.59246724954397
593,1899.3789073642388,51.378907364238785,94.63506642423013
594,1899.4436712623947,13.443671262394673,94.42345525765137
595,1899.5751906126527,124.5751906126527,94.57394442656613
596,1899.705030547909,109.70503054790902,94.58650377092644
597,1899.720386556569,22.72038655656911,94.5247622558967
598,1900.2027370098438,56.20273700984376,94.57915276163409
599,1900.295,11.295000000000073,94.41971187005092
600,1900.5465904330854,52.546590433085385,94.46636355974698
601,1900.9439291387139,122.94392913871388,94.4819907204795
602,1901.1548177233299,43.15481772332987,94.40986870787822
603,1901.6208539704446,131.6208539704446,94.3122736946347
604,1902.2496254725131,119.24962547251312,94.27778150699638
605,1902.33912352775,117.33912352774996,94.44539665237376
606,1903.4700000000003,37.470000000000255,94.38487991858388
607,1903.4936716666036,128.49367166660363,94.50962813164452
608,1903.536,4.536000000000058,94.40687505421408
609,1903.5989149298703,28.59891492987026,94.44399288407381
610,1903.6168629784224,49.61686297842243,94.43483116163844
611,1903.7423331707907,123.74233317079074,94.5732370401024
612,1904.526611941828,141.52661194182792,94.83047312112892
613,1904.6183911497042,76.61839114970417,94.62394657317301
614,1904.6229111406203,132.62291114062032,94.73898803934279
615,1905.6048950460704,98.6048950460704,94.78823611724947
616,1905.611217756843,59.61121775684296,94.78695540133369
617,1905.7923157664084,87.79231576640836,94.83756364219494
618,1906.1598361209358,142.15983612093578,95.1018033144368
619,1907.3395955288017,91.33959552880174,95.28059450549439
620,1907.5588633419095,57.5588633419095,95.35318987923704
621,1907.7587712483137,52.75877124831368,95.25627288305635
622,1908.5319006527964,210.53190065279637,95.48133508619428
623,1908.7447184344944,207.74471843449442,95.75320002626927
624,1909.5279515164793,198.52795151647933,96.04951671216281
625,1909.5991271549615,187.59912715496148,96.27903706030459
626,1917.0959999999998,24.095999999999776,96.24489293218818
627,1917.7300980730024,129.7300980730024,96.30994311127421
628,1917.7489706403026,43.74897064030256,96.28235270258298
629,1918.3494348533382,98.34943485333815,96.22590031495521
630,1920.4501062706206,109.45010627062061,96.31601139466245
631,1920.4933796294235,71.49337962942354,96.23128125379321
632,1928.493793103448,22.49379310344807,96.18202174201795
633,1967.9768504805784,104.97685048057838,96.13507841961975
634,1968.7803569433,117.78035694329992,96.03768652620627
635,1984.0277289575754,100.02772895757539,96.090424726134
636,1984.6717344048373,23.671734404837252,96.08216204109753
637,1985.5262284993141,39.52622849931413,95.8380825033121
638,1986.603457242188,112.60345724218791,96.04202824132587
639,1986.7918452069953,171.79184520699528,96.13395184955473
640,1986.8058619032402,16.805861903240157,96.07388032576931
641,1986.8340094392065,59.83400943920651,96.00135294003599
642,1986.952727272727,10.952727272727088,95.84759416774986
643,1987.010260623647,126.0102606236469,95.90813352828397
644,1987.1337706689503,39.13377066895032,95.9438787166807
645,1987.1854545454546,6.185454545454604,95.67709466533994
646,1987.7696031832304,43.7696031832304,95.6224192309128
647,1987.951452919205,136.95145291920494,95.60828536454459
648,1988.0959999999998,24.095999999999776,95.49633104757892
649,1990.048,12.048000000000002,95.45471068394255
650,1990.3268571428573,10.326857142857307,95.46402439822828
651,1993.5106936818029,150.51069368180288,95.71986578559189
652,1993.9028218545595,148.90282185455953,95.65857395400705
653,1994.6352270929199,72.63522709291988,95.67231512940296
654,1994.6556353939004,105.65563539390041,95.57746415127806
655,1994.8168948743435,120.81689487434346,95.72078735017084
656,1996.5346259912953,99.53462599129534,95.78285382859808
657,1996.537037869164,220.5370378691639,96.17822415367928
658,1996.5532023510118,141.5532023510118,96.10553587942205
659,1997.5763987996568,71.57639879965677,96.17607183724263
660,1998.6184615384614,78.61846153846136,96.08049207939754
661,1998.817142857143,25.817142857142926,95.88082889177275
662,1999.6861380029707,100.68613800297067,95.85247993477314
663,2001.3100430382947,108.31004303829468,95.80281901146509
664,2001.7544635946783,83.75446359467833,95.73387490858991
665,2002.256765541913,115.25676554191296,95.83561197668924
666,2003.851705269284,108.85170526928391,95.48582103294127
667,2006.2778874442108,149.27788744421082,95.56184907611137
668,2013.12,30.11999999999989,95.55095307611138
669,2036.1890909090907,10.189090909090737,95.56679525792957
670,2065.3900000000003,28.390000000000327,95.4397520363965
671,2067.045310654189,125.04531065418905,95.60695877091308
672,2067.5202082552687,92.5202082552687,95.78787555105998
673,2068.2655261073132,103.26552610731324,95.66735873591998
674,2068.8792351305788,141.87923513057876,95.61400060531066
675,2068.8870367188156,107.88703671881558,95.49830370937052
676,2069.4190495649614,38.41904956496137,95.34488975806703
677,2069.4299234854116,80.42992348541156,95.09939742046878
678,2069.4370012155537,82.43700121555366,95.07326664777698
679,2069.6483678441487,97.64836784414865,94.9601577270171
680,2070.1156764813845,102.11567648138453,94.81966324314998
681,2070.581969013235,155.5819690132348,94.97992646573518
682,2071.2241567712335,102.22415677123354,95.0128969547805
683,2071.441867523756,155.44186752375617,95.04968842564746
684,2078.06,15.059999999999945,94.79968822306262
685,2081.6169230769233,2.6169230769232854,94.55771689892885
686,2087.0800723022307,59.08007230223075,94.34204421457515
687,2093.8686729840138,102.86867298401376,94.23138434461936
688,2094.522637468075,112.52263746807512,94.36881398794925
689,2094.9191904277363,108.91919042773634,94.28896068335351
690,2095.0966699264377,72.0966699264377,94.14686300419376
691,2115.677226857896,118.67722685789613,93.84306415686157
692,2151.464488881739,129.46448888173882,93.78853563672075
693,2151.849265940576,53.84926594057606,93.81214834980486
694,2151.898594616205,159.89859461620517,93.66560044316223
695,2152.043848597309,155.04384859730908,93.6286694029869
696,2152.2733529324446,151.2733529324446,93.72916882313996
697,2152.5431808385197,174.54318083851967,94.05760147053128
698,2153.106894529604,28.106894529603778,93.86026917479802
699,2153.2704810441137,58.270481044113694,93.92120398304009
700,2153.6762877217798,125.67628772177977,94.0309107791146
701,2154.2089041030576,212.20890410305765,94.38232573017787
702,2154.6701801288427,154.67018012884273,94.46663589931866
703,2157.064503613878,178.06450361387806,94.54746400396819
704,2157.415091729394,37.415091729394135,94.40021310990481
705,2157.523526939972,56.523526939971816,94.48648683045143
706,2157.593007919617,199.59300791961687,94.7820359446158
707,2158.4952229828114,216.49522298281136,95.14780757527522
708,2160.0400000000004,10.040000000000418,95.08841958079798
709,2162.1200000000003,30.120000000000346,95.0704241114056
710,2165.7933334660856,113.79333346608564,95.24331061096213
711,2166.3268571428566,10.326857142856625,95.23586182524785
712,2166.9910609368817,67.9910609368817,95.23352680924687
713,2170.1200000000003,30.120000000000346,95.28998680924687
714,2171.3866666666663,13.386666666666315,95.08344950319552
715,2173.4576,14.457600000000184,95.00941233428411
716,2174.8209959134247,121.82099591342467,94.9869891834737
717,2175.7376063731554,98.73760637315536,94.93157778441662
718,2176.096,24.096000000000004,94.73263340490264
719,2177.6597463387843,154.65974633878432,94.86623775201447
720,2191.5626599413213,99.56265994132127,94.84715680402192
721,2191.86,4.860000000000127,94.53025056324203
722,2235.0929557507675,157.0929557507675,94.82378276045786
723,2235.1694786056264,155.1694786056264,94.93715785476445
724,2235.2463923834184,135.24639238341842,94.98413319055088
725,2235.4918111088323,153.49181110883228,95.01552826577783
726,2235.9351028314236,108.93510283142359,95.0958075952626
727,2236.2785332658764,105.27853326587638,95.02503118382961
728,2236.83004304473,55.83004304472979,94.88706683595242
729,2237.0781781392775,132.0781781392775,94.93855595376543
730,2237.2685757600175,151.26857576001748,94.95627684199758
731,2238.1513625944913,143.15136259449127,95.10155841105664
732,2238.257727549138,161.25772754913805,95.35890104192836
733,2238.522352032098,153.52235203209784,95.41451969177015
734,2238.729702478993,89.7297024789932,95.3761815126493
735,2249.457598603769,71.45759860376893,95.37726495484465
736,2252.1455573996177,23.1455573996177,95.22972387098369
737,2257.6265763563297,68.62657635632968,95.24263678468155
738,2258.4429292831983,71.44292928319828,95.13473796572498
739,2263.5779853876907,87.57798538769066,95.25350513210928
740,2274.346206896552,2.3462068965518483,94.98173408311344
741,2320.2576842871176,49.25768428711763,95.00282326754919
742,2320.713068998102,76.71306899810179,95.08396140554538
743,2320.8486704978814,190.84867049788136,95.26597865419794
744,2321.2902228488915,164.29022284889152,95.36641853539274
745,2321.4575172204823,212.45751722048226,95.57054300746618
746,2321.9342445820484,36.93424458204845,95.592777210916
747,2321.9849572338753,76.98495723387532,95.7248416708383
748,2322.0101131816973,166.0101131816973,96.05216948340859
749,2322.6529790121917,171.65297901219174,96.08152301836446
750,2322.7977123410574,130.79771234105738,96.23229220881005
751,2323.056684493634,109.05668449363384,96.17372619615237
752,2323.2218641360664,220.22186413606642,96.51502568102406
753,2323.5755733123206,86.57557331232056,96.38237084656113
754,2323.6698180117764,141.66981801177644,96.38565184273834
755,2324.0968128200157,230.09681282001566,96.70559460103607
756,2324.3814173066044,170.38141730660436,96.66720173111446
757,2325.038708556754,251.03870855675405,97.008665423782
758,2325.61126782468,169.61126782468,97.11925510282673
759,2326.8760888794513,100.87608887945134,97.22221299487134
760,2352.092727272727,3.0927272727271884,97.09458893245629
761,2367.4753870862446,64.47538708624461,97.10346799134416
762,2369.0499522426935,61.04995224269351,96.94113420972722
763,2383.2040166678253,63.20401666782527,96.96034986564517
764,2402.944625916297,128.9446259162969,96.89438523234047
765,2402.9595954046067,119.95959540460672,96.78914278345577
766,2403.650461447909,130.65046144790904,96.96588365540805
767,2403.8405470858725,48.84054708587246,96.53456322565339
768,2403.9374642653356,57.93746426533562,96.17937289050931
769,2404.63,57.63000000000011,96.19583860479501
770,2404.6453977863293,157.64539778632934,96.09987951413896
771,2404.722684768453,105.72268476845284,96.08843416626482
772,2405.185245746371,130.18524574637104,96.30362465775757
773,2405.386441045077,54.386441045076936,96.23536167027825
774,2405.4522351194687,122.4522351194687,96.25170045673687
775,2405.6193838044746,62.61938380447464,96.32133307049966
776,2405.793468587012,157.79346858701183,96.49717595264072
777,2406.58666025745,86.58666025745015,96.66595959573627
778,2407.0751235294147,56.07512352941467,96.69907441422366
779,2407.8525240596305,64.85252405963047,96.7067491433802
780,2407.85716028315,54.857160283149824,96.60591780279347
781,2409.994061275014,228.9940612750138,96.93592517396976
782,2410.0607535844924,127.06075358449243,97.11174217126413
783,2410.6668543772867,52.666854377286654,97.05549957415069
784,2412.8030769230772,27.803076923077242,96.88414819262569
785,2421.346206896552,2.3462068965518483,96.72171128939158
786,2421.509730812266,153.50973081226584,96.84743755849003
787,2424.581052631579,3.581052631579041,96.5729386179435
788,2430.277654068729,136.27765406872913,96.74324349892179
789,2430.536353326455,102.5363533264549,96.68769291520742
790,2433.580588554514,123.58058855451418,96.77043705220376
791,2433.7543344567657,116.75433445676572,96.63929970030082
792,2487.0334078034784,102.03340780347844,96.68665464830283
793,2487.487329189072,105.48732918907217,96.72886746747409
794,2488.674894975737,42.67489497573706,96.40943885112613
795,2488.7022295018546,110.70222950185462,96.31212826671249
796,2489.9040626172314,82.90406261723138,96.14653330740325
797,2490.4216202663047,210.42162026630467,96.18453624898427
798,2490.8937678147704,82.8937678147704,96.15488965183033
799,2490.9527272727273,10.952727272727316,96.03947676501501
800,2491.8339544585288,31.83395445852875,96.07821777738036
801,2492.4181363776765,207.41813637767655,96.31249554780479
802,2493.6096238928963,70.60962389289625,96.39347479559058
803,2495.139504343833,99.13950434383287,96.48535995812439
804,2495.2510520291507,87.25105202915074,96.61970206218268
805,2502.463448275862,12.463448275861992,96.51008313751166
806,2502.4820075119665,94.48200751196646,96.69054215253558
807,2504.771655620427,84.77165562042683,96.7005079785552
808,2509.1819926761063,103.18199267610635,96.80522959355545
809,2512.0023529411765,4.0023529411764684,96.69815666952144
810,2512.3392717448833,30.339271744883263,96.40325341186627
811,2513.5610877534154,38.56108775341545,96.05833607484018
812,2513.7513465159714,11.751346515971363,95.80572148157393
813,2514.8842080399536,79.88420803995359,95.6531338585099
814,2516.2644591724174,128.26445917241745,95.513085350137
815,2539.6169230769233,2.6169230769232854,95.1212318373966
816,2571.5990698475644,44.59906984756435,94.97080054469298
817,2571.883537155407,97.88353715540688,95.13765241900379
818,2571.9527272727273,10.952727272727316,94.90543597425605
819,2571.9567469047665,54.95674690476653,94.8853718987086
820,2572.4919636142245,119.49196361422446,94.96432214598353
821,2572.908601622604,165.90860162260378,95.09568066364301
822,2573.096,24.096000000000004,94.83934340009226
823,2573.270534573262,189.270534573262,95.1387594351428
824,2573.62365284757,49.623652847570156,95.03892467370655
825,2573.640662705332,109.64066270533203,95.08916800005811
826,2574.583585219897,47.58358521989703,95.02716012972189
827,2574.7465062259985,28.746506225998473,94.90656333436202
828,2574.777674927439,107.77767492743897,95.09630154135976
829,2575.313883925316,151.31388392531608,95.37561059953298
830,2575.345592434172,97.34559243417198,95.54448464154417
831,2575.576494355859,92.57649435585881,95.62793717783237
832,2575.6305882352945,10.630588235294454,95.53166431696702
833,2575.6500944650998,40.650094465099755,95.5448028087762
834,2575.6783343296797,35.67833432967973,95.3122735869783
835,2579.068,34.06800000000021,95.07612135495017
836,2579.3286430830526,122.32864308305261,95.13024392639814
837,2583.116647859201,149.11664785920084,95.30012436971607
838,2589.0480000000002,12.04800000000023,95.04666051939024
839,2591.4893067252724,99.4893067252724,95.1100301022092
840,2593.946878794722,100.94687879472212,95.01653245132822
841,2594.758860212546,113.7588602125461,94.95635524464319
842,2594.9307709142427,162.93077091424266,95.25728988991995
843,2595.1446751328835,208.14467513288355,95.50574199802837
844,2595.853621345359,90.85362134535899,95.43856774270702
845,2597.630199868656,50.630199868655836,95.50970814244432
846,2598.452230515462,62.452230515461906,95.41216842667764
847,2598.551319688131,108.55131968813112,95.35979695772656
848,2599.613071281062,29.61307128106182,95.2179455243384
849,2599.890316433442,26.890316433441967,95.0835447191924
850,2600.227608326544,94.22760832654421,95.24618279298836
851,2600.41699096913,86.41699096912998,95.3922434415933
852,2601.2907854555056,67.29078545550556,95.36030219489005
853,2601.7031798454796,90.70317984547955,95.43010855458101
854,2602.49,12.489999999999782,95.3521502460125
855,2655.436610862249,142.43661086224893,95.54276491809644
856,2655.8056612313508,159.80566123135077,95.63562505425284
857,2656.3506135129933,138.35061351299328,95.90432157539648
858,2656.4242131801175,135.42421318011748,96.05918709446351
859,2656.4921992296368,53.49219922963675,95.89993818749535
860,2656.676068671546,165.6760686715461,95.93728531419556
861,2656.6841805071717,56.68418050717173,95.78758591931445
862,2657.251092059729,165.25109205972922,95.86062765080565
863,2658.2127182115382,65.21271821153823,95.68684420998868
864,2658.728639793903,88.72863979390286,95.60599434170226
865,2659.25654510631,180.2565451063101,95.76473533005041
866,2659.9842116515424,56.98421165154241,95.56867375578547
867,2661.2762382419087,87.27623824190869,95.60091570223335
868,2664.9247717434428,87.92477174344276,95.50178189385527
869,2668.856727683417,76.85672768341692,95.37185245652776
870,2682.136435806561,157.13643580656117,95.52006205056878
871,2682.9983064182898,142.99830641828976,95.44785417936745
872,2683.48359775573,214.48359775573,95.74371635339145
873,2697.4687350384233,40.46873503842335,95.35138248772022
874,2739.161077350899,198.16107735089918,95.2761096298746
875,2739.3274025717433,89.32740257174328,95.06843949697912
876,2740.2854122597355,175.2854122597355,95.06219110228223
877,2740.556223687192,99.55622368719196,94.94460700067422
878,2740.8927026931015,93.89270269310146,94.96099951523335
879,2740.949341693854,62.94934169385397,95.0488518828316
880,2741.0357216600623,184.03572166006234,95.12964143324993
881,2741.353674157772,87.35367415777182,95.17384576606538
882,2741.3727455581093,149.37274555810927,95.27773537361323
883,2741.602385527552,44.60238552755209,95.25936655049534
884,2741.736772666705,48.73677266670484,95.27043350649495
885,2741.8124898679807,183.81248986798073,95.46196640360563
886,2741.82877914494,244.8287791449402,95.94723428447615
887,2742.000311295336,81.0003112953359,96.10072990706682
888,2742.380210555795,195.3802105557952,96.38548055416965
889,2742.62459196486,264.62459196486,96.56799646733715
890,2742.7347146072293,198.7347146072293,96.84671519076518
891,2743.4941025284693,252.49410252846928,97.10238121965187
892,2743.723687408972,147.72368740897218,97.35530624152864
893,2743.7792506635437,68.77925066354373,97.20586895220706
894,2744.0788775519154,100.07887755191541,97.11284290062055
895,2744.490782383849,123.49078238384891,97.048623763741
896,2744.586459614697,276.5864596146971,97.33629599516551
897,2744.638352648257,24.63835264825684,97.04972129661539
898,2745.096,24.096000000000004,97.01785082723192
899,2745.2496340000607,162.24963400006072,97.12086362933115
900,2746.783407397824,66.7834073978238,96.9055404091148
901,2747.0123218036024,152.0123218036024,96.99658447089774
902,2747.5019934125694,50.50199341256939,96.74596056280679
903,2747.637434488673,67.63743448867308,96.68916503247226
904,2747.8396872156127,124.83968721561268,96.72642577943307
905,2753.8030769230772,27.803076923077242,96.76195193327922
906,2755.3476696059183,76.34766960591833,96.86846914892591
907,2757.7745346088263,89.77453460882634,96.96072346902515
908,2760.135991222858,94.13599122285814,96.88719370494803
909,2763.93875,31.9387499999998,96.71096283832526
910,2773.978780463203,44.97878046320284,96.39062217825439
911,2794.6169230769233,2.6169230769232854,96.08876759876459
912,2799.52,2.519999999999982,96.02310127812443
913,2823.659614343537,131.6596143435372,95.98620003541114
914,2824.0933275185366,58.093327518536626,96.04678053660207
915,2824.367316887077,93.36731688707687,96.07933989978154
916,2824.7501610155346,128.75016101553456,96.17556578922432
917,2824.8752946036275,36.87529460362748,96.11504719695756
918,2825.1111543064544,99.11115430645441,96.1424625559944
919,2825.7092196054127,79.70921960541273,96.11066790249882
920,2826.0464843931354,160.04648439313542,96.42622487128509
921,2826.0540949327205,221.05409493272055,96.59676959698596
922,2826.2183871037387,125.21838710373868,96.75324280607074
923,2826.3650220136265,127.36502201362646,96.8777225480095
924,2826.5223782890307,33.52237828903071,96.81748795131541
925,2826.7153702637333,140.71537026373335,97.03101874533343
926,2826.870493965239,109.8704939652389,97.05604349514435
927,2827.2103062361866,96.21030623618663,97.09467179630971
928,2827.913245228224,140.9132452282238,97.35240228676615
929,2828.4450000000006,86.44500000000062,97.45684944097697
930,2828.695065968814,248.6950659688141,97.6634994514322
931,2828.8807623203866,148.88076232038657,97.80777907115095
932,2829.587540069326,114.58754006932622,97.88928843084086
933,2829.6579514413684,198.65795144136837,98.1362083564851
934,2830.9726355410717,33.97263554107167,97.88916074723275
935,2833.4582995252904,160.45829952529039,97.90233059856952
936,2844.0400000000004,10.040000000000418,97.61624578191262
937,2845.9130901836375,104.91309018363745,97.67093818514762
938,2850.7147826086957,15.714782608695714,97.67904904068759
939,2861.192975736011,207.1929757360108,97.64956738640404
940,2866.293846153846,17.29384615384606,97.47618552500663
941,2866.616101670755,31.616101670755143,97.34914859622417
942,2873.059787648735,148.05978764873498,97.14260921301727
943,2874.056816776802,22.056816776801952,96.73124793892785
944,2881.0585714285717,16.058571428571668,96.56955697530465
945,2904.0400000000004,10.040000000000418,96.54445697530464
946,2904.6291810355297,125.62918103552965,96.55921178078147
947,2905.890459890649,125.8904598906488,96.78318962363969
948,2906.149474266968,95.1494742669679,96.93332857217362
949,2906.8084641127452,128.80846411274524,96.943294969439
950,2907.658683737164,153.6586837371642,96.9398208051979
951,2907.7945941607486,55.7945941607486,96.71066462454758
952,2907.900881582701,65.900881582701,96.66753498460619
953,2908.005753462897,131.0057534628968,96.92047449153198
954,2908.397142857143,49.39714285714308,96.79624834592478
955,2908.5219706448197,104.5219706448197,96.72331767385934
956,2908.9140057538384,44.91400575383841,96.71234113491892
957,2909.2979056687977,130.29790566879774,96.67066152432051
958,2909.42,38.42000000000007,96.50713835990717
959,2909.5288951859307,167.52889518593065,96.57307966411771
960,2910.1144626424652,134.11446264246524,96.56985639987721
961,2910.295,11.295000000000073,96.37197867097112
962,2910.3213201380563,149.3213201380563,96.4317876773888
963,2910.3845692244095,20.38456922440946,96.18845753597226
964,2910.6995160405363,103.69951604053631,96.24085428306805
965,2910.923292643788,148.92329264378805,96.12327636554822
966,2910.94372075705,64.94372075704996,96.08657196276634
967,2912.028946041948,65.02894604194807,95.85581589623025
968,2912.640941116475,78.640941116475,95.84656273677328
969,2912.6653346564817,143.66533465648172,95.73834175123086
970,2913.017664496647,222.01766449664683,96.16172336593846
971,2913.0545103821714,121.05451038217143,96.22859911422059
972,2913.8825338312413,122.88253383124129,96.34093135552774
973,2914.2414406839034,69.24144068390342,96.45531823689555
974,2915.1027922579933,241.10279225799331,96.74033048276716
975,2915.909511422814,228.90951142281392,97.14767359384207
976,2915.994647290069,275.9946472900692,97.38874125801605
977,2933.1822395629574,139.18223956295742,97.45778077196523
978,2949.4298422132283,37.42984221322831,97.50854445639169
979,2950.5076501623057,12.507650162305708,97.23779589177416
980,2953.208251708258,61.2082517082581,97.22664553589252
981,2987.0324926864996,75.03249268649961,97.28554667382117
982,2990.45782164781,129.45782164780985,97.34103346707474
983,2991.5012301465104,127.50123014651035,97.59214792736775
984,2991.7414597666484,42.741459766648404,97.46080943909716
985,2993.431538851158,120.43153885115817,97.49979506315464
986,2993.4823926137774,61.48239261377739,97.42063440209708
987,2993.573482080382,133.57348208038184,97.2788891145375
988,2993.8534420324318,28.853442032431758,96.98355259273927
989,2994.3827247531976,228.38272475319764,97.23487869050703
990,2994.7781382408607,199.7781382408607,97.53670562328116
991,2995.707233123904,80.70723312390419,97.61714255017615
992,2995.9348659382854,54.934865938285384,97.26786849297802
993,2996.1852890719993,183.18528907199925,97.48909421436394
994,2996.3417166339163,69.34171663391635,97.47977126465842
995,2996.5423424847045,225.54234248470448,97.8625340440672
996,2997.5156630660363,205.51566306603627,98.092103159785
997,3000.7111705259285,84.71117052592854,98.13041491494448
998,3003.447567847869,103.44756784786887,98.22428589622905
999,3005.889897036682,76.88989703668221,98.26177086944455
